{
    "Round 1":{
        "training_accuracy":0.094472222,
        "training_loss":2.2993388335,
        "test_accuracy":0.0927999999,
        "test_loss":2.3007078489
    },
    "Round 2":{
        "training_accuracy":0.1058388887,
        "training_loss":2.2876999458,
        "test_accuracy":0.1027666669,
        "test_loss":2.2888184293
    },
    "Round 3":{
        "training_accuracy":0.1235888888,
        "training_loss":2.2747665008,
        "test_accuracy":0.1179333332,
        "test_loss":2.2756125752
    },
    "Round 4":{
        "training_accuracy":0.1480722222,
        "training_loss":2.2596266858,
        "test_accuracy":0.1412333324,
        "test_loss":2.260183444
    },
    "Round 5":{
        "training_accuracy":0.2013166669,
        "training_loss":2.2416870721,
        "test_accuracy":0.1983000004,
        "test_loss":2.2419150941
    },
    "Round 6":{
        "training_accuracy":0.2500055551,
        "training_loss":2.2203032796,
        "test_accuracy":0.2501999995,
        "test_loss":2.2201687336
    },
    "Round 7":{
        "training_accuracy":0.2999555564,
        "training_loss":2.1946748988,
        "test_accuracy":0.303966668,
        "test_loss":2.1941247559
    },
    "Round 8":{
        "training_accuracy":0.3653333328,
        "training_loss":2.1640661732,
        "test_accuracy":0.3714666659,
        "test_loss":2.1630232636
    },
    "Round 9":{
        "training_accuracy":0.4276166668,
        "training_loss":2.1276616589,
        "test_accuracy":0.4317999991,
        "test_loss":2.125994424
    },
    "Round 10":{
        "training_accuracy":0.4755833322,
        "training_loss":2.0845174766,
        "test_accuracy":0.4797666671,
        "test_loss":2.0820462513
    },
    "Round 11":{
        "training_accuracy":0.5054833335,
        "training_loss":2.0335061391,
        "test_accuracy":0.5094999989,
        "test_loss":2.0300088112
    },
    "Round 12":{
        "training_accuracy":0.5254999973,
        "training_loss":1.9736759154,
        "test_accuracy":0.530066667,
        "test_loss":1.968876218
    },
    "Round 13":{
        "training_accuracy":0.5412222195,
        "training_loss":1.90452564,
        "test_accuracy":0.5461666658,
        "test_loss":1.8981313332
    },
    "Round 14":{
        "training_accuracy":0.5586277799,
        "training_loss":1.8262578972,
        "test_accuracy":0.5668333304,
        "test_loss":1.8179929837
    },
    "Round 15":{
        "training_accuracy":0.5797388887,
        "training_loss":1.7401251165,
        "test_accuracy":0.5919333329,
        "test_loss":1.7297651545
    },
    "Round 16":{
        "training_accuracy":0.606722223,
        "training_loss":1.6483053072,
        "test_accuracy":0.6204333305,
        "test_loss":1.635751582
    },
    "Round 17":{
        "training_accuracy":0.6377555569,
        "training_loss":1.5533699997,
        "test_accuracy":0.6493666645,
        "test_loss":1.5386695449
    },
    "Round 18":{
        "training_accuracy":0.6706444426,
        "training_loss":1.4578551086,
        "test_accuracy":0.6826333312,
        "test_loss":1.4412324095
    },
    "Round 19":{
        "training_accuracy":0.698500003,
        "training_loss":1.3641427255,
        "test_accuracy":0.7085666708,
        "test_loss":1.3459602014
    },
    "Round 20":{
        "training_accuracy":0.7209444451,
        "training_loss":1.2742000532,
        "test_accuracy":0.7292666666,
        "test_loss":1.2548718635
    },
    "Round 21":{
        "training_accuracy":0.7385444411,
        "training_loss":1.1894521888,
        "test_accuracy":0.7451000007,
        "test_loss":1.1694033174
    },
    "Round 22":{
        "training_accuracy":0.7536888885,
        "training_loss":1.1108753073,
        "test_accuracy":0.7595999984,
        "test_loss":1.0905148904
    },
    "Round 23":{
        "training_accuracy":0.7665500041,
        "training_loss":1.0390845946,
        "test_accuracy":0.7736666656,
        "test_loss":1.0187517051
    },
    "Round 24":{
        "training_accuracy":0.7783777793,
        "training_loss":0.9743481282,
        "test_accuracy":0.7842666658,
        "test_loss":0.9543436547
    },
    "Round 25":{
        "training_accuracy":0.7877166684,
        "training_loss":0.9166265118,
        "test_accuracy":0.7931333335,
        "test_loss":0.8971812153
    },
    "Round 26":{
        "training_accuracy":0.7963000019,
        "training_loss":0.8655808691,
        "test_accuracy":0.8016999976,
        "test_loss":0.8468424793
    },
    "Round 27":{
        "training_accuracy":0.803655556,
        "training_loss":0.8206504126,
        "test_accuracy":0.8091333306,
        "test_loss":0.8026752027
    },
    "Round 28":{
        "training_accuracy":0.8097944438,
        "training_loss":0.781144474,
        "test_accuracy":0.8160333347,
        "test_loss":0.7639567908
    },
    "Round 29":{
        "training_accuracy":0.8150111079,
        "training_loss":0.7463480222,
        "test_accuracy":0.8209333336,
        "test_loss":0.729939038
    },
    "Round 30":{
        "training_accuracy":0.8198388831,
        "training_loss":0.7155974698,
        "test_accuracy":0.8263666666,
        "test_loss":0.6999275867
    },
    "Round 31":{
        "training_accuracy":0.8244555509,
        "training_loss":0.6883006827,
        "test_accuracy":0.8313333325,
        "test_loss":0.6733195265
    },
    "Round 32":{
        "training_accuracy":0.8287277738,
        "training_loss":0.6639456407,
        "test_accuracy":0.8363000015,
        "test_loss":0.6496062607
    },
    "Round 33":{
        "training_accuracy":0.8329499976,
        "training_loss":0.642094456,
        "test_accuracy":0.8397000015,
        "test_loss":0.6283426257
    },
    "Round 34":{
        "training_accuracy":0.8369333331,
        "training_loss":0.6223871998,
        "test_accuracy":0.843433334,
        "test_loss":0.6091736811
    },
    "Round 35":{
        "training_accuracy":0.8404666674,
        "training_loss":0.6045216036,
        "test_accuracy":0.8459000003,
        "test_loss":0.5917893221
    },
    "Round 36":{
        "training_accuracy":0.8442944479,
        "training_loss":0.5882491036,
        "test_accuracy":0.8495999996,
        "test_loss":0.5759566347
    },
    "Round 37":{
        "training_accuracy":0.8470222274,
        "training_loss":0.5733634253,
        "test_accuracy":0.852233334,
        "test_loss":0.5614790348
    },
    "Round 38":{
        "training_accuracy":0.8507833381,
        "training_loss":0.5596915076,
        "test_accuracy":0.8555999994,
        "test_loss":0.5481806523
    },
    "Round 39":{
        "training_accuracy":0.8534611185,
        "training_loss":0.5470874822,
        "test_accuracy":0.8586000001,
        "test_loss":0.5359162029
    }
}