{
    "Round 1":{
        "training_accuracy":0.121061111,
        "training_loss":2.2967915551,
        "test_accuracy":0.1248666671,
        "test_loss":2.2957378578
    },
    "Round 2":{
        "training_accuracy":0.1430000004,
        "training_loss":2.2857550685,
        "test_accuracy":0.1483000005,
        "test_loss":2.2844517851
    },
    "Round 3":{
        "training_accuracy":0.1837611108,
        "training_loss":2.2731515265,
        "test_accuracy":0.1886000004,
        "test_loss":2.2715649986
    },
    "Round 4":{
        "training_accuracy":0.2483000003,
        "training_loss":2.2579296843,
        "test_accuracy":0.2548333321,
        "test_loss":2.2560559718
    },
    "Round 5":{
        "training_accuracy":0.298872222,
        "training_loss":2.2390983168,
        "test_accuracy":0.3042666671,
        "test_loss":2.2368684212
    },
    "Round 6":{
        "training_accuracy":0.3588333338,
        "training_loss":2.2161280251,
        "test_accuracy":0.3675000003,
        "test_loss":2.2135426887
    },
    "Round 7":{
        "training_accuracy":0.4195055534,
        "training_loss":2.1884319814,
        "test_accuracy":0.4269333323,
        "test_loss":2.1854338694
    },
    "Round 8":{
        "training_accuracy":0.4528277769,
        "training_loss":2.1550385078,
        "test_accuracy":0.4565999995,
        "test_loss":2.1515741062
    },
    "Round 9":{
        "training_accuracy":0.4614388871,
        "training_loss":2.1148121023,
        "test_accuracy":0.4663999999,
        "test_loss":2.1108409421
    },
    "Round 10":{
        "training_accuracy":0.4697555564,
        "training_loss":2.0669041276,
        "test_accuracy":0.4721999999,
        "test_loss":2.0624176852
    },
    "Round 11":{
        "training_accuracy":0.4879166627,
        "training_loss":2.010816443,
        "test_accuracy":0.4948333361,
        "test_loss":2.0057691073
    },
    "Round 12":{
        "training_accuracy":0.507611113,
        "training_loss":1.9459015799,
        "test_accuracy":0.5144999995,
        "test_loss":1.9401917926
    },
    "Round 13":{
        "training_accuracy":0.5317833318,
        "training_loss":1.8716453377,
        "test_accuracy":0.5384333324,
        "test_loss":1.8652222172
    },
    "Round 14":{
        "training_accuracy":0.5575722216,
        "training_loss":1.7892925994,
        "test_accuracy":0.5633999991,
        "test_loss":1.7820888344
    },
    "Round 15":{
        "training_accuracy":0.586094443,
        "training_loss":1.7004875008,
        "test_accuracy":0.5920000017,
        "test_loss":1.6923680528
    },
    "Round 16":{
        "training_accuracy":0.6136944441,
        "training_loss":1.6070263616,
        "test_accuracy":0.6193000003,
        "test_loss":1.5978887248
    },
    "Round 17":{
        "training_accuracy":0.6431166665,
        "training_loss":1.5119499143,
        "test_accuracy":0.64993333,
        "test_loss":1.5017472084
    },
    "Round 18":{
        "training_accuracy":0.6731333307,
        "training_loss":1.4181912502,
        "test_accuracy":0.6808333337,
        "test_loss":1.4070270125
    },
    "Round 19":{
        "training_accuracy":0.7031611041,
        "training_loss":1.3279927627,
        "test_accuracy":0.7097333348,
        "test_loss":1.3160253493
    },
    "Round 20":{
        "training_accuracy":0.7260277744,
        "training_loss":1.2431619589,
        "test_accuracy":0.731400003,
        "test_loss":1.2306066016
    },
    "Round 21":{
        "training_accuracy":0.7420000009,
        "training_loss":1.164803954,
        "test_accuracy":0.748999999,
        "test_loss":1.151916068
    },
    "Round 22":{
        "training_accuracy":0.7532500104,
        "training_loss":1.0933814557,
        "test_accuracy":0.7593666665,
        "test_loss":1.0804513864
    },
    "Round 23":{
        "training_accuracy":0.7628388957,
        "training_loss":1.028873173,
        "test_accuracy":0.7664666665,
        "test_loss":1.0161815886
    },
    "Round 24":{
        "training_accuracy":0.7719666656,
        "training_loss":0.9709762994,
        "test_accuracy":0.774399997,
        "test_loss":0.9587767355
    },
    "Round 25":{
        "training_accuracy":0.7800166603,
        "training_loss":0.9192333961,
        "test_accuracy":0.7806333311,
        "test_loss":0.9077650519
    },
    "Round 26":{
        "training_accuracy":0.7872777708,
        "training_loss":0.8730773922,
        "test_accuracy":0.7869666676,
        "test_loss":0.8625244447
    },
    "Round 27":{
        "training_accuracy":0.7943444407,
        "training_loss":0.8318910913,
        "test_accuracy":0.7936666675,
        "test_loss":0.8223653539
    },
    "Round 28":{
        "training_accuracy":0.8001499975,
        "training_loss":0.7950616586,
        "test_accuracy":0.7998999997,
        "test_loss":0.7866318007
    },
    "Round 29":{
        "training_accuracy":0.8067611122,
        "training_loss":0.7620253817,
        "test_accuracy":0.8057333322,
        "test_loss":0.7547216431
    },
    "Round 30":{
        "training_accuracy":0.8122111138,
        "training_loss":0.7322768017,
        "test_accuracy":0.8122333312,
        "test_loss":0.7260894251
    },
    "Round 31":{
        "training_accuracy":0.8176666689,
        "training_loss":0.7053859377,
        "test_accuracy":0.8167333329,
        "test_loss":0.7002891487
    },
    "Round 32":{
        "training_accuracy":0.8225111123,
        "training_loss":0.6809921869,
        "test_accuracy":0.8223000022,
        "test_loss":0.6769499125
    },
    "Round 33":{
        "training_accuracy":0.8274222231,
        "training_loss":0.6587907159,
        "test_accuracy":0.828033336,
        "test_loss":0.6557629041
    },
    "Round 34":{
        "training_accuracy":0.8319777787,
        "training_loss":0.6385187074,
        "test_accuracy":0.8317333345,
        "test_loss":0.6364698857
    },
    "Round 35":{
        "training_accuracy":0.8364611113,
        "training_loss":0.6199532251,
        "test_accuracy":0.835400002,
        "test_loss":0.6188489745
    },
    "Round 36":{
        "training_accuracy":0.8401333348,
        "training_loss":0.6029028996,
        "test_accuracy":0.839333334,
        "test_loss":0.6026985544
    },
    "Round 37":{
        "training_accuracy":0.8438444455,
        "training_loss":0.5871962825,
        "test_accuracy":0.8428333334,
        "test_loss":0.5878483484
    },
    "Round 38":{
        "training_accuracy":0.8468388903,
        "training_loss":0.572688297,
        "test_accuracy":0.8462333349,
        "test_loss":0.5741489373
    },
    "Round 39":{
        "training_accuracy":0.8502888898,
        "training_loss":0.5592520823,
        "test_accuracy":0.8490333354,
        "test_loss":0.5614823552
    }
}